event_name,event_date,location
eget nunc donec,12/30/2022 21:08,South Fulton
faucibus accumsan,12/18/2022 8:09,Lalganj
duis bibendum,3/5/2022 1:01,Shahuwadi
posuere cubilia curae nulla,1/31/2021 22:39,Kanayannur
potenti in eleifend,1/27/2022 1:21,Paramathi Velur
volutpat sapien arcu sed,5/13/2022 5:20,Bariq
vestibulum ac est lacinia,11/10/2022 15:57,Qingnian
ornare consequat lectus,4/27/2021 20:06,Chirmiri
primis in faucibus,4/24/2021 10:02,Longling County
imperdiet nullam orci,3/17/2021 14:51,Altstadt
vel lectus in,7/20/2022 17:52,Yongcheng
parturient montes nascetur,11/16/2021 13:49,Shihao
dapibus augue vel accumsan,4/21/2022 20:13,Qingnian
sem sed,12/18/2022 8:09,Fuhuan
nec euismod,2/27/2021 3:00,Kanayannur
non mi integer ac,8/5/2022 19:44,Liangping
turpis integer,12/22/2021 8:56,Mingshan
ante vel ipsum,10/2/2022 21:02,Lalganj
tristique in tempus sit,5/28/2022 14:29,Xihu
non mattis,10/2/2022 21:02,Jiaping
vivamus metus,3/18/2021 8:01,Shuanglonghu
in consequat ut nulla,3/17/2021 14:51,Lalganj
pede ac,1/27/2022 1:21,Jieshi
fusce posuere,12/18/2022 8:09,Yanghe
habitasse platea dictumst morbi,3/10/2021 22:03,Dianzi
varius ut blandit,8/25/2021 13:12,Qingnian
posuere cubilia curae,7/25/2021 21:15,Zhawa
magnis dis parturient,12/18/2022 8:09,Yawa
pede ullamcorper augue,2/7/2022 18:25,Tuwaite
odio consequat varius,9/17/2021 11:35,Lalganj
justo lacinia eget,1/26/2021 19:21,Qingnian
faucibus accumsan,4/11/2022 6:28,Manglai
ut dolor,4/24/2021 10:02,Kuoyiqi
mattis pulvinar,1/23/2022 2:20,Qingnian
aliquet at feugiat,9/25/2022 4:43,Jiahanbage
in quam,12/18/2022 8:09,Akesalayi
interdum eu tincidunt,2/27/2021 3:00,Lalganj
vitae nisi,5/9/2022 8:43,Jiayi
ut dolor morbi vel,1/27/2022 1:21,Arele
sapien sapien non mi,6/25/2022 15:46,Qingnian
sem duis,1/18/2021 12:21,Awuliya
velit eu est congue,5/24/2022 2:40,Qingnian
lorem quisque,12/24/2021 17:21,Hudiyuzi
ultrices enim lorem,1/27/2022 1:21,Kanayannur
facilisi cras non,6/12/2022 17:12,Yishikuli
interdum mauris,3/17/2021 14:51,Wudalike
enim leo rhoncus sed,12/18/2022 8:09,Kanayannur
ridiculus mus vivamus,10/11/2022 4:40,Paikeqi
augue luctus,4/21/2022 20:13,Mixia
faucibus orci luctus,4/27/2021 20:06,Kanayannur
